,x,y
17890422
17890425
17890425
17890425
17890506
17890506
17890509
17890513
17890513
17890516
17890516
17890516
17890520
17890523
17890527
17890527
17890530
17890523
17890603
17890603
17890603
17890606
17890606
17890610
17890613
17890627
17890617
17890704
17890704
17890708
17890715
17890722
17890725
17890725
17890805
17890808
17890808
17890812
17890819
17890829
17890902
17890905
17890909
17890912
17890912
17890912
17890916
17890926
17890930
17891007
17891010
17891014
17891017
17891028
17891104
17891125
17891128
17891202
17891209
17891205
17891209
17900102
17900106
17900116
17900119
17900123
17900127
17900217
17900224
17900224
17900227
17900303
17900306
17900306
17900310
17900313
17900317
17900317
17900320
17900324
17900327
17900327
17900407
17900410
17900410
17900410
17900414
17900421
17900424
17900424
17900428
17900501
17900508
17900512
17900515
17900519
17900602
17900602
17900605
17900605
17900605
17900612
17900616
17900619
17900619
17900623
17900630
17900703
17900707
17900717
17900724
17900731
17900818
17900901
17900904
17901006
17901006
17901009
17901106
17901110
17901110
17901110
17901113
17901117
17901117
17901120
17901124
17901127
17901204
17901204
17901211
17901211
17891216
17891216
17891230
17890422
17890425
17890425
17890425
17890506
17890506
17890509
17890513
17890513
17890516
17890516
17890516
17890520
17890523
17890523
17890527
17890527
17890530
17890603
17890603
17890603
17890606
17890606
17890610
17890613
17890617
17890627
17890704
17890704
17890708
17890715
17890722
17890725
17890725
17890805
17890808
17890808
17890812
17890819
17890829
17890902
17890905
17890909
17890912
17890912
17890912
17890916
17890926
17890930
17891007
17891010
17891014
17891017
17891028
17891104
17891125
17891128
17891202
17891205
17891209
17891209
17891216
17891216
17891230
17900102
17900106
17900116
17900119
17900123
17900127
17900217
17900224
17900224
17900227
17900303
17900306
17900306
17900310
17900313
17900317
17900317
17900320
17900324
17900327
17900327
17900407
17900410
17900410
17900410
17900414
17900421
17900424
17900424
17900428
17900501
17900508
17900512
17900515
17900519
17900602
17900605
17900605
17900605
17900616
17900602
17900612
17900619
17900619
17900623
17900630
17900703
17900707
17900717
17900724
17900731
17900818
17900901
17900904
17901006
17901006
17901009
17901106
17901110
17901110
17901110
17901113
17901117
17901120
17901124
17901127
17901117
17901204
17901204
17901211
17901211
17890422
17890425
17890425
17890425
17890506
17890506
17890513
17890509
17890513
17890516
17890516
17890520
17890516
17890523
17890523
17890527
17890527
17890530
17890603
17890603
17890603
17890606
17890606
17890610
17890613
17890617
17890627
17890704
17890704
17890708
17890715
17890722
17890725
17890725
17890805
17890808
17890808
17890812
17890819
17890829
17890905
17890902
17890909
17890912
17890912
17890912
17890916
17890926
17890930
17891007
17891010
17891014
17891017
17891028
17891104
17891125
17891128
17891202
17891205
17891209
17891209
17891216
17891216
17891230
17900102
17900106
17900116
17900119
17900123
17900127
17900217
17900224
17900224
17900227
17900303
17900306
17900306
17900310
17900313
17900317
17900317
17900324
17900320
17900327
17900407
17900410
17900410
17900410
17900327
17900424
17900414
17900424
17900421
17900428
17900512
17900508
17900515
17900501
17900519
17900602
17900605
17900602
17900605
17900616
17900619
17900619
17900623
17900612
17900605
17900707
17900717
17900731
17900818
17900703
17900904
17901006
17900724
17901006
17901106
17900630
17900901
17901110
17901110
17901110
17901113
17901117
17901117
17901124
17901127
17901120
17901204
17901211
17901009
17901204
17901211
17770327
17770417
17770424
17770904
17770918
17771030
17771120
17771120
17780122
18011116
18011116
18040229
18041024
18041110
18041110
17980416
17980423
17980423
17980514
17980521
17980521
17980528
17980618
17980716
17980709
17980716
17980723
17980723
17980806
17980806
17980820
17980903
17980903
17980910
17981022
17981029
17981029
17981105
17981126
17981224
17981231
17990107
17990114
17990121
17990128
17990211
17990211
17990225
17990304
17990304
17990304
17990325
17990401
17990408
17990415
17990429
17990513
17990527
17990610
17990617
17990708
17990812
17990819
17990826
17990909
17990923
17990923
17990930
17991014
17991028
17991104
17991104
17991118
17991125
17991125
17991216
17991230
18000106
18000113
18000120
18000120
18000127
18000203
18000414
18000414
18000623
18000519
18000714
18000707
18000818
18000825
18000922
18000210
18000721
18000929
18001006
18001013
18001013
18001020
18001027
18001103
18001117
18001222
18010105
18010112
18010119
18010126
18010202
18010216
18010309
18010330
18010406
18010518
18010525
18010629
18010629
18010706
18010713
18010720
18010727
18010727
18010817
18010817
18010824
18010831
18010907
18010921
18010928
18010928
18011005
18011005
18011019
18011026
18011026
18011102
18011109
18011116
18011116
18020111
18020125
18020215
18020222
18020315
18020308
18020329
18020426
18020412
18020510
18020510
18020524
18020524
18020607
18020607
18020614
18020531
18020628
18020726
18020705
18020802
18020809
18020712
18020830
18020913
18020809
18020830
18021004
18020920
18021011
18021025
18021101
18021115
18021018
18021122
18021129
18021206
18021206
18021213
18021220
18021122
18021220
18021227
18030207
18030110
18021227
18030207
18030214
18030228
18030307
18030404
18030411
18030411
18030502
18030509
18030509
18030613
18030620
18030627
18030718
18030808
18030815
18030822
18030905
18030919
18030919
18031003
18031010
18031017
17910119
17910202
17910226
17910323
17910330
17910330
17910402
17910406
17910409
17910430
17910504
17910504
17910507
17910507
17910511
17910514
17910514
17910518
17910518
17910518
17910601
17910608
17910625
17910706
17910709
17910715
17910716
17910720
17910716
17910723
17910723
17910727
17910803
17910810
17910817
17910820
17910831
17910903
17910910
17910910
17910914
17910921
17910928
17911008
17911012
17911015
17911019
17911106
17911112
17911112
17911125
17911126
17911210
17911221
17911228
17920121
17920121
17920125
17920125
17920204
17920225
17920229
17920407
17920411
17920414
17920502
17920505
17920516
17920516
17920519
17920523
17920523
17920606
17920609
17920613
17920623
17920627
17920627
17920630
17920707
17920714
17920714
17920718
17920718
17920721
17920801
17920804
17920808
17920808
17920818
17920825
17920901
17920905
17920908
17920912
17920922
17920922
17920929
17921003
17921013
17921024
17921027
17921031
17921031
17921110
17921117
17921117
17921121
17921128
17921201
17921226
17921229
17921229
17930116
17930119
17930119
17930202
17930220
17930223
17930327
17930413
17930413
17930420
17930420
17930508
17930511
17930511
17930522
17930522
17930525
17930525
17930605
17930608
17930619
17930622
17930720
17930723
17930731
17930831
17930918
17970214
17981012
17981012
17981130
17981130
17990301
17990301
17991115
18000902
18000916
18000905
18001017
18001021
18001031
18001223
18010127
18020327
18020403
18020403
18020417
18020501
18020501
18020505
18020512
18020519
18020728
18020609
18020721
18020717
18020728
18020811
18020818
18020818
18020901
18020915
18020918
18020925
18020929
18021020
18021027
18021103
18021103
18021110
18021208
18030112
18030112
18030312
18030316
18030330
18030423
18030413
18030316
18030518
18030525
18030615
18030507
18030615
18040211
18030521
18040215
18040215
18030427
18040218
18040215
18040222
18040222
18040225
18040229
18040229
18040303
18040307
18040307
18040317
18040321
18040324
18040328
18040407
18040407
18040425
18040502
18040509
18040512
18040516
18040516
18040523
18040526
18040530
18040602
18040602
18040609
18040609
18040613
18040613
18040613
18040613
18040613
18040616
18040616
18040616
18040620
18040623
18040620
18040623
18040627
18040627
18040627
18040627
18040630
18040630
18040704
18040704
18040707
18040707
18040707
18040711
18040711
18040711
18040714
18040714
18040714
18040718
18040718
18040721
18040721
18040721
18040725
18040728
18040728
18040804
18040811
18040804
18040815
18040808
18040815
18040818
18040822
18040822
18040825
18040825
18040829
18040829
18040829
18040901
18040901
18040901
18040901
18040905
18040905
18040908
18040908
18040912
18040912
18040912
18040915
18040919
18040919
18040919
18040919
18040919
18040919
18040922
18040922
18040926
18040926
18040926
18040929
18040926
18040929
18041006
18040929
18041010
18041010
18041010
18040929
18041013
18041013
18041024
18041020
18041024
18041027
18041027
18041031
18041031
18041103
18041107
18041110
18041110
18041117
18041121
18041124
18041201
18041204
18041204
18041204
18041205
18041206
18041208
18041213
18041222
18041220
18041225
18090719
18090927
18090930
18091004
18091004
18091004
18091014
18091014
18091018
18091021
18091021
18091125
18091213
18091223
18091227
18100106
18100113
18100314
18100324
18100407
18100411
18100418
18100519
18100519
18100526
18100526
18100606
18100606
18170528
18170531
18170604
18170806
18170813
18170813
18170820
18170820
18171025
18171122
18171210
18171210
18180805
18180805
18181003
18181007
18181007
18181014
18181028
18181028
18181031
18181209
18181212
18181223
18050103
18050108
18050111
18050115
18050122
18050123
18050125
18050129
18050201
18050205
18050205
18050208
18050209
18050212
18050215
18050216
18050222
18050222
18050226
18050301
18050308
18050308
18050315
18050319
18050320
18050320
18050327
18050402
18050402
18050404
18050409
18050409
18050410
18050413
18050416
18050417
18050419
18050419
18050423
18050423
18050424
18050424
18050424
18050426
18050430
18050430
18050503
18050503
18050504
18050508
18050508
18050514
18050517
18050521
18050522
18050524
18050531
18050531
18050601
18050604
18050604
18050607
18050607
18050608
18050611
18050614
18050619
18050621
18050622
18050622
18050625
18050626
18050628
18050629
18050629
18050702
18050702
18050702
18050703
18050703
18050703
18050705
18050706
18050709
18050709
18050710
18050712
18050712
18050713
18050716
18050717
18050717
18050719
18050719
18050727
18050802
18050806
18050806
18050807
18050807
18050809
18050809
18050809
18050813
18050814
18050816
18050820
18050821
18050827
18050828
18050830
18050830
18050903
18050904
18050906
18050911
18050913
18050913
18050914
18050917
18050917
18050920
18050920
18050921
18050921
18050924
18050927
18050927
18050928
18051001
18051001
18051002
18051004
18051005
18051005
18051008
18051008
18051008
18051009
18051011
18051012
18051015
18051015
18051015
18051015
18051016
18051018
18051018
18051019
18051019
18051022
18051023
18051029
18051030
18051101
18051105
18051106
18051108
18051108
18051120
18051122
18051122
18051122
18051123
18051123
18051126
18051127
18051129
18051129
18051203
18051203
18051206
18051206
18051206
18051210
18051210
18051210
18051211
18051213
18051214
18051214
18051214
18051217
18051217
18051219
18051221
18051221
18051224
18051224
18051227
18051231
18051231
18060102
18060102
18060107
18060107
18060109
18060109
18060110
18060111
18060114
18060114
18060116
18060116
18060117
18060118
18060118
18060121
18060123
18060128
18060128
18060128
18060131
18060131
18060208
18060215
18060218
18060225
18060225
18060225
18060228
18060228
18060304
18060307
18060307
18060307
18060311
18060311
18060314
18060314
18060318
18060318
18060321
18060321
18060321
18060328
18060328
18060328
18060401
18060404
18060404
18060408
18060408
18060408
18060411
18060422
18060422
18060422
18060425
18060429
18060523
18060523
18060523
18060527
18060530
18060530
18060530
18060530
18060530
18060603
18060603
18060603
18060606
18060610
18060613
18060613
18060617
18060617
18060620
18060620
18060620
18060620
18060625
18060627
18060628
18060702
18060702
18060704
18060705
18060708
18060711
18060712
18060715
18060718
18060719
18060722
18060723
18060725
18060726
18060729
18060729
18060730
18060730
18060801
18060801
18060805
18060805
18060808
18060809
18060812
18060812
18060815
18060815
18060816
18060816
18060819
18060819
18060826
18060827
18060829
18060829
18060829
18060830
18060902
18060903
18060905
18060905
18060912
18060912
18060912
18060912
18060913
18060919
18060919
18060923
18060924
18060926
18060926
18060926
18060927
18060930
18060930
18061003
18061004
18061007
18061007
18061010
18061010
18061014
18061014
18061014
18061014
18061015
18061017
18061018
18061021
18061024
18061025
18061028
18061029
18061031
18061101
18061104
18061105
18061105
18061107
18061107
18061108
18061111
18061111
18061111
18061111
18061111
18061114
18061114
18061114
18061114
18061114
18061118
18061118
18061121
18061121
18061121
18061121
18061125
18061125
18061128
18061128
18061128
18061202
18061202
18061202
18061202
18061202
18061205
18061205
18061209
18061211
18061213
18061213
18061216
18061216
18061230
18061230
18070101
18070102
18070113
18070113
18070113
18070115
18070117
18070117
18070120
18070120
18070122
18070123
18070130
18070130
18070131
18070203
18070203
18070206
18070206
18070213
18070213
18070217
18070217
18070220
18070220
18070224
18070227
18070303
18070306
18070310
18070310
18070317
18070317
18070320
18070324
18070324
18070327
18070403
18070407
18070410
18070410
18070414
18070417
18070417
18070424
18070428
18070428
18070428
18070501
18070501
18070509
18070512
18070519
18070519
18070520
18070520
18070522
18070523
18070530
18070530
18070603
18070606
18070606
18070610
18070613
18070617
18070627
18070701
18070701
18070701
18070703
18070703
18070707
18070707
18070707
18070708
18070708
18070714
18070714
18070715
18070721
18070721
18070724
18070724
18070725
18070728
18070728
18070729
18070801
18070801
18070804
18070804
18070805
18070807
18070808
18070811
18070811
18070812
18070814
18070814
18070815
18070819
18070825
18070829
18070905
18070905
18070312
18070326
18070326
18070409
18070409
18070514
18070521
18070416
18070604
18070611
18070604
18070611
18070618
18070702
18070618
18070723
18070514
18070730
18070709
18071008
18071022
18070806
18071105
18071029
18071112
18071119
18071112
18071203
18071217
18071210
18071224
18071224
18080107
18071231
18080114
18080121
18080317
18080331
18080331
18080505
18101026
18101026
18110201
18110208
18110208
18110208
18110215
18110222
18110315
18110329
18110329
18110405
18110405
18110531
18110607
18110628
18110712
18110830
18110906
18110927
18110927
18111004
18111018
18111108
18111108
18111227
18111227
18120110
18120124
18120207
18120313
18120320
18120320
18120403
18120424
18120508
18120522
18120529
18120605
18120619
18120717
18120814
18120814
18120828
18120918
18120918
18121016
18121023
18121218
18130129
18130212
18130312
18130312
18130813
18130820
18131125
18131216
18131216
18140203
18140224
18140224
18140317
18140324
18140407
18140519
18140602
18140630
18140630
18140707
18140714
18140721
18140721
18140728
18140804
18140818
18140825
18140825
18140908
18141006
18141020
18141020
18141027
18141117
18141117
18141201
18141208
18141208
18141222
18150105
18150112
18150119
18150126
18150126
18150202
18150223
18150309
18150309
18150309
18150323
18150323
18150323
18150406
18150413
18150420
18070312
18070326
18070326
18070409
18070409
18070514
18070521
18070416
18070604
18070611
18070604
18070611
18070618
18070702
18070618
18070723
18070514
18070730
18070709
18071008
18071022
18070806
18071105
18071029
18071112
18071119
18071112
18071203
18071217
18071210
18071224
18071224
18080107
18071231
18080114
18080121
18080317
18080331
18080331
18080505
18101026
18101026
18110201
18110208
18110208
18110208
18110215
18110222
18110315
18110329
18110329
18110405
18110405
18110531
18110607
18110628
18110712
18110830
18110906
18110927
18110927
18111004
18111018
18111108
18111108
18111227
18111227
18120110
18120124
18120207
18120313
18120320
18120320
18120403
18120424
18120508
18120522
18120529
18120605
18120619
18120717
18120814
18120814
18120828
18120918
18120918
18121016
18121023
18121218
18130129
18130212
18130312
18130312
18130813
18130820
18131125
18131216
18131216
18140203
18140224
18140224
18140317
18140324
18140407
18140519
18140602
18140630
18140630
18140707
18140714
18140721
18140721
18140728
18140804
18140818
18140825
18140825
18140908
18141006
18141020
18141020
18141027
18141117
18141117
18141201
18141208
18141208
18141222
18150105
18150112
18150119
18150126
18150126
18150202
18150223
18150309
18150309
18150309
18150323
18150323
18150323
18150406
18150413
18150420
18310119
18310126
18310202
18310209
18310216
18310302
18310316
18310323
18310406
18310406
18310413
18310427
18310504
18310504
18310504
18310525
18310525
18310525
18310604
18310611
18310702
18310709
18310723
18310723
18310730
18310730
18310806
18310806
18310813
18310820
18310820
18310820
18310827
18310903
18310910
18310910
18310917
18310917
18310917
18311001
18311001
18311015
18311105
18311112
18311112
18311119
18311126
18311203
18311222
18311224
18260704
18260704
18260704
18260711
18260711
18260711
18260718
18260718
18260725
18260725
18260801
18260801
18260801
18260808
18260808
18260815
18260815
18260822
18260822
18260822
18260829
18260912
18260912
18260919
18260926
18261003
18261003
18261003
18261017
18261024
18261024
18261107
18261114
18261114
18261114
18261121
18261121
18261121
18261121
18261128
18261128
18261205
18261205
18261212
18261219
18261226
18261226
18261226
18270102
18270102
18270119
18270119
18270126
18270126
18270202
18270202
18270209
18270209
18270216
18270216
18270315
18270322
18270322
18270329
18270329
18270419
18270426
18270503
18270510
18270510
18270510
18270510
18270517
18270524
18270524
18270614
18270614
18270621
18270621
18270621
18270628
18270628
18270628
18270705
18270705
18270712
18270712
18270719
18270726
18270726
18270726
18270802
18270802
18270816
18270816
18270823
18270823
18270830
18270830
18270906
18270906
18270906
18270913
18270920
18270920
18270920
18270927
18270927
18271011
18271011
18271011
18271018
18271025
18271025
18271115
18271115
18271122
18271122
18271129
18271206
18271213
18271220
18271227
18280110
18280117
18280117
18280124
18280124
18280131
18280131
18280131
18280207
18280207
18280214
18280214
18280221
18280221
18280221
18280228
18280228
18280228
18280228
18280306
18280306
18280313
18280313
18280313
18280320
18280320
18280403
18280410
18280410
18280424
18280424
18280508
18280508
18280529
18280605
18280605
18280612
18280619
18280626
18280703
18280703
18280710
18280717
18280717
18280724
18280724
18280731
18280731
18280807
18280807
18280807
18280814
18280821
18280821
18280828
18280904
18280911
18280911
18280918
18280918
18280925
18281002
18281009
18281009
18281016
18281023
18281030
18281030
18281030
18281106
18281106
18281113
18281113
18281120
18281120
18281127
18281204
18281211
18281218
18281225
18290101
18290108
18290115
18290115
18290129
18290205
18290205
18290212
18290219
18290219
18290312
18290326
18290402
18290402
18290402
18290409
18290416
18290430
18290507
18290514
18290528
18290604
18290618
18290702
18290709
18290709
18290716
18290723
18290730
18290806
18290813
18290813
18290827
18290903
18290910
18290917
18290924
18290924
18290924
18290924
18291001
18291008
18291029
18291105
18291112
18291112
18291126
18291126
18291203
18291210
18291210
18291217
18291224
18291224
18291231
18300107
18300114
18300121
18300121
18300121
18300128
18300128
18300204
18300218
18300225
18300225
18300304
18300304
18300325
18300401
18300401
18300429
18300506
18300506
18300527
18300527
18300603
18300617
18300624
18300701
18300708
18300708
18300722
18300722
18300729
18300729
18300805
18300812
18300812
18300819
18300819
18300826
18300826
18300902
18300909
18300916
18300923
18300930
18300930
18301007
18301021
18301021
18301021
18301028
18301104
18301104
18301118
18301125
18301125
18301202
18301209
18301209
18301209
18301223
18301230
18310106
18310113
18310120
18310127
18310203
18310224
18310224
18310303
18310310
18310310
18310324
18310324
18310331
18310331
18310414
18310414
18310421
18310428
18310428
18310512
18310519
18310526
18310526
18310609
18310609
18310616
18310630
18310707
18310714
18310714
18310721
18310721
18310728
18310804
18310818
18310818
18310825
18310901
18310908
18310908
18310915
18310922
18310922
18311027
18311027
18311027
18311103
18311103
18311110
18311110
18311117
18311201
18311201
18311201
18311215
18311222
18320105
18320105
18320105
18320112
18320119
18320202
18320209
18320209
18320301
18320301
18320308
18320308
18320308
18320329
18320412
18320419
18320426
18320503
18320531
18320607
18320614
18320614
18320628
18320705
18320809
18320809
18320830
18320816
18320705
18320906
18320906
18320920
18320920
18320927
18321018
18321025
18321108
18320913
18321108
18321115
18321115
18321115
18321129
18321206
18321122
18321206
18321122
18321213
18321220
18321220
18220111
18220115
18220118
18220122
18220125
18220201
18220208
18220212
18220215
18220219
18220222
18220222
18220301
18220301
18220305
18220305
18220308
18220312
18230626
18230918
18230925
18230925
18231002
18231002
18231002
18231009
18231016
18231016
18231016
18231023
18231023
18231030
18231030
18231030
18231106
18231113
18231113
18231113
18231127
18231127
18231204
18231204
18231211
18231218
18231225
18231225
18240101
18240101
18240101
18240108
18240108
18240108
18240115
18240122
18240129
18240205
18240205
18240212
18240219
18240226
18240304
18240311
18240318
18240325
18240325
18240325
18240401
18240408
18240415
18240415
18240415
18240422
18240422
18240429
18240429
18240506
18240506
18240520
18240520
18240520
18240520
18240701
18240701
18240708
18240715
18240715
18240715
18240722
18240729
18240805
18240805
18240805
18240812
18240812
18240819
18240819
18240826
18240826
18240826
18240902
18240902
18240909
18240916
18240923
18240923
18240930
18240930
18241007
18241007
18241014
18241014
18241104
18241111
18241111
18241118
18241118
18241118
18241125
18241202
18241216
18241230
18250106
18250106
18250106
18250113
18250113
18250120
18250127
18250127
18250203
18250203
18250210
18250210
18250217
18250224
18250310
18250324
18250407
18250407
18250414
18250421
18250421
18250428
18250428
18250505
18250505
18250505
18250512
18250512
18250519
18250519
18250526
18250602
18250602
18250609
18250609
18250616
18250616
18250616
18250630
18250714
18250714
18250714
18250728
18250728
18250804
18250804
18250811
18250811
18250818
18250818
18250818
18250825
18250901
18250901
18250901
18250908
18250915
18250915
18250915
18250922
18250922
18250929
18250929
18250929
18251006
18251013
18251013
18251013
18251020
18251027
18251027
18251103
18251103
18251117
18251117
18251124
18251124
18251124
18251201
18251201
18251201
18251208
18251208
18251215
18251229
18251229
18260105
18260105
18260119
18260126
18260126
18260126
18260209
18260302
18260309
18260316
18260316
18260323
18260330
18260330
18260406
18260406
18260413
18260420
18260427
18260504
18260511
18260518
18260525
18260601
18260601
18260601
18260622
18260622
18260629
18260706
18260713
18260713
18260720
18260727
18260803
18260810
18260817
18260817
18260817
18260824
18260824
18260831
18260914
18260914
18260921
18260928
18260928
18260928
18261005
18261026
18261109
18261116
18261116
18261123
18261123
18261130
18261130
18261221
18261228
18261228
18270104
18270111
18270111
18270118
18270125
18270201
18270201
18270208
18270215
18270215
18270222
18270308
18270315
18270329
18270405
18270419
18270419
18270419
18270419
18270501
18270503
18270503
18270508
18270510
18270511
18270511
18270515
18270515
18270517
18270517
18270518
18270522
18270524
18270525
18270529
18270531
18270601
18270607
18270608
18270608
18270612
18270612
18270612
18270614
18270615
18270615
18270619
18270621
18270628
18270705
18270705
18270706
18270706
18270717
18270720
18270720
18270724
18270724
18270727
18270731
18270802
18270807
18270810
18270823
18270824
18270828
18270828
18270830
18270904
18270904
18270906
18270907
18270907
18270913
18270914
18270918
18270921
18270925
18270928
18271002
18271002
18271005
18271012
18271016
18271016
18271019
18271023
18271026
18271106
18271106
18271109
18271123
18271127
18271130
18271130
18271211
18271214
18271218
18271218
18271221
18271225
18271228
18280101
18280111
18280115
18280118
18280122
18280122
18280125
18280129
18280201
18280201
18280205
18280208
18280208
18280212
18280212
18280215
18280215
18280215
18280219
18280219
18280226
18280226
18280229
18280304
18280307
18280307
18280311
18280314
18280318
18280325
18280328
18280328
18280404
18280411
18280415
18280415
18280422
18280422
18280422
18280422
18280425
18280425
18280429
18280502
18280502
18280502
18280509
18280513
18280516
18280603
18280527
18280603
18280606
18280606
18280606
18280613
18280613
18280617
18280617
18280617
18280701
18280620
18280627
18280704
18280715
18280718
18280715
18280722
18280729
18280722
18280801
18280701
18280718
18280805
18280801
18280808
18280815
18280815
18280815
18280822
18280826
18280826
18280826
18280829
18280909
18280912
18280912
18280916
18280919
18280919
18280919
18280923
18280923
18280923
18280926
18280926
18280930
18280930
18281006
18281010
18281014
18281014
18281014
18281028
18281031
18281101
18281101
18281104
18281107
18281107
18281107
18281108
18281115
18281118
18281108
18281118
18281121
18281122
18281121
18281125
18281122
18281128
18281129
18281128
18281202
18281205
18281205
18281206
18281206
18281206
18281209
18280306
18280306
18280320
18280320
18280403
18280410
18280528
18280618
18280625
18280702
18280730
18280730
18280806
18280806
18280903
18280903
18280903
18280917
18281001
18281015
18281015
18281015
18281105
18281203
18281203
18290204
18290204
18290304
18290311
18290311
18290318
18290401
18290408
18290408
18290415
18290429
18290429
18290429
18290527
18290527
18290610
18290610
18290617
18290624
18290701
18290708
18290722
18290722
18290812
18290812
18290819
18290826
18290902
18290909
18290909
18290909
18290923
18290923
18290923
18290930
18290930
18290930
18291118
18291202
18291202
18291202
18291216
18291216
18291230
18300106
18300106
18300127
18300127
18300127
18300203
18300203
18300210
18300210
18300303
18300303
18300310
18300310
18300317
18300317
18300324
18300407
18300508
18300508
18300515
18300710
18300710
18300724
18301008
18310108
18310108
18310122
18310122
18310129
18310409
18310409
18310416
18310430
18310430
18310507
18310430
18310514
18310514
18310514
18310730
18310910
18310910
18311007
18311007
18311203
18311217
18311217
18320929
18321103
18321103
18321103
18310108
18311203
18310409
18310409
18311203
18310108
18311203
18310409
18310409
18311203
18200401
18230628
18230712
18230628
18230719
18230719
18230719
18230726
18230920
18230920
18230927
18230927
18310702
18320105
18320105
18320119
18320126
18320126
18320204
18320218
18320324
18320331
18320407
18320414
18320414
18320505
18320505
18320512
18320512
18320526
18320609
18320609
18320609
18320616
18320623
18320623
18320721
18320818
18320818
18320825
18320825
18320901
18320901
18321027
18321103
18321124
18321208
18321208
18321215
18321222
18321229
18200315
18200322
18200329
18200426
18200412
18200503
18200503
18200517
18200531
18200607
18200621
18200705
18200712
18200329
18200823
18200823
18200712
18200920
18200920
18201018
18201025
18201101
18200830
18201101
18200322
18201122
18201129
18201108
18201206
18201129
18210113
18210131
18210207
18210822
18210829
18210829
18210905
18210919
18210919
18210919
18210926
18211003
18211003
18211017
18211017
18211114
18211121
18211226
18220102
18220116
18220130
18220213
18220220
18220306
18220320
18220320
18220327
18220410
18220501
18220501
18220605
18220612
18220529
18220626
18220626
18220626
18220619
18220605
18220710
18220703
18220821
18220703
18220821
18220904
18220904
18220911
18220918
18220925
18221016
18221023
18221030
18221023
18221106
18221106
18221113
18221106
18221204
18221218
18221030
18230305
18230312
18221120
18230319
18230226
18230319
18230402
18230122
18230409
18230423
18230312
18230430
18230507
18230514
18230409
18230521
18230521
18230423
18230604
18230611
18230618
18230604
18230618
18230702
18230604
18230618
18230709
18230723
18230716
18230730
18230723
18230723
18230910
18230730
18240310
18230910
18240310
18240428
18240519
18241117
18240519
18241201
18241215
18241215
18250413
18240519
18250518
18250413
18250427
18250518
18250518
18250525
18250622
18250615
18250622
18250706
18250629
18250713
18250803
18250720
18250810
18250817
18250622
18250824
18250907
18250831
18250824
18250907
18270307
18270307
18280326
18280409
18280305
18280423
18280416
18280423
18280507
18280430
18280521
18280604
18280604
18280702
18280716
18280716
18280723
18280806
18280820
18280820
18280820
18280806
18280903
18280910
18280910
18280409
18280917
18280924
18280917
18280910
18281015
18281105
18281210
18281022
18290408
18290415
18290422
18281126
18290506
18290506
18290415
18290527
18290429
18290527
18290603
18290617
18290708
18290513
18290819
18290826
18290715
18290826
18290701
18290916
18290923
18290923
18290909
18291111
18310725
18330110
18330110
18330117
18330110
18330221
18330314
18330328
18330228
18330418
18330117
18330124
18330530
18330516
18330606
18330606
18330613
18330620
18330509
18330718
18330711
18330801
18330801
18330718
18330808
18330613
18330808
18330829
18330822
18330912
18330919
18330926
18331010
18331017
18331003
18331024
18331031
18331024
18330905
18331114
18331114
18331107
18331121
18331205
18331114
18331205
18331226
18340102
18331212
18340102
18331226
18340109
18340109
18340116
18340109
18340123
18340206
18340116
18340213
18340206
18340306
18340130
18340313
18340327
18340313
18340327
18340306
18340424
18340501
18340417
18340417
18340515
18340508
18340522
18340522
18340529
18340605
18340529
18340619
18340619
18340605
18340703
18340703
18340710
18340724
18340626
18340717
18340724
18340807
18340828
18340814
18340724
18340911
18340904
18340911
18340918
18340911
18340918
18340925
18340918
18341002
18341009
18341009
18341016
18341016
18341113
18341106
18341106
18341127
18341204
18341204
18341120
18341225
18341218
18341211
18341225
18350108
18350108
18350101
18350129
18350205
18350122
18350212
18350219
18350226
18350326
18350326
18350326
18350129
18350402
18350416
18350402
18350219
18350514
18350521
18350507
18350618
18350521
18350625
18350618
18350716
18350723
18350730
18350730
18350723
18350723
18350813
18350806
18350820
18350806
18350827
18350827
18350910
18350820
18350910
18350924
18351001
18351001
18351001
18350903
18351015
18351022
18351008
18351015
18351105
18351112
18351119
18351119
18351119
18351126
18351210
18351217
18351126
18360114
18360107
18351231
18360121
18360303
18360128
18360303
18360218
18360310
18360407
18360317
18360421
18360324
18360505
18360428
18360407
18360512
18360519
18360519
18360526
18360512
18360630
18360714
18360630
18360714
18360721
18360721
18360602
18360811
18360728
18360804
18360811
18360825
18360901
18360818
18360908
18360901
18360915
18360908
18360922
18360922
18360915
18360929
18360922
18360929
18361013
18361006
18361117
18361027
18361124
18361124
18361128
18361020
18361201
18361209
18361219
18361219
18370112
18361219
18370116
18370119
18370116
18370116
18370202
18370126
18370209
18370213
18370126
18370316
18370223
18370323
18370316
18370302
18370420
18370413
18370511
18370511
18370504
18370615
18370622
18370608
18370629
18370622
18370706
18370720
18370727
18370713
18370803
18370720
18370810
18370824
18370831
18370810
18370907
18370921
18370921
18370928
18371005
18371012
18371026
18371012
18371102
18371102
18371102
18371123
18371123
18371130
18371130
18371207
18371228
18371228
18380118
18380118
18380125
18380208
18380201
18380308
18380412
18380503
18380301
18380510
18380510
18370810
18380517
18380719
18380719
18380628
18380719
18380802
18380614
18380802
18380816
18380830
18380809
18380906
18380906
18380913
18380920
18380927
18381004
18381025
18381025
18381004
18381108
18381101
18381122
18381213
18381122
18381220
18381220
18381227
18390103
18381213
18390110
18390103
18390103
18390117
18390110
18390117
18390131
18390214
18390221
18390214
18390228
18390228
18390307
18390314
18390307
18390221
18390314
18390321
18390321
18390321
18390404
18390328
18390314
18390404
18390411
18390418
18390509
18390502
18390502
18390606
18390627
18390711
18390613
18390704
18390725
18390718
18390725
18390801
18390725
18390822
18390829
18390822
18390905
18390822
18390912
18390919
18390919
18390912
18390905
18391003
18391003
18390926
18391010
18391024
18391017
18391107
18391114
18391114
18391205
18391212
18391121
18391219
18400116
18391219
18400123
18400305
18400409
18400416
18400402
18400423
18400423
18400430
18400507
18400507
18400514
18400604
18400604
18400716
18400723
18400618
18400730
18400730
18400730
18400806
18400813
18400820
18400820
18400827
18400903
18400917
18400910
18401001
18401008
18401001
18401015
18391003
18401022
18401022
18401119
18401112
18401126
18401210
18401126
18401203
18401224
18401224
18401217
18410121
18410114
18410107
18410128
18410204
18410204
18410128
18410211
18410304
18410311
18410218
18410204
18410318
18410325
18410408
18410318
18410401
18410429
18410506
18410513
18410513
18410603
18410603
18410624
18410617
18410610
18410701
18410708
18410805
18410826
18410819
18410715
18410826
18410909
18410916
18411014
18411014
18411021
18411028
18411125
18411028
18411021
18411202
18411202
18411209
18411216
18411202
18411209
18420106
18411223
18420120
18420113
18420127
18420210
18420127
18411223
18420224
18420224
18420303
18420407
18420421
18420303
18420421
18420428
18420303
18420414
18420310
18420428
18330111
18330517
18330517
18330521
18330524
18330524
18330621
18330621
18330628
18330628
18330712
18330712
18330719
18330726
18330802
18330802
18330806
18330806
18330806
18330816
18330816
18330823
18330823
18330906
18330906
18330927
18390326
18390326
18411008
18411008
18420713
18420720
18420720
18420722
18451121
18460130
18470305
18470430
18480101
18481110
18481110
18481110
18481129
18481129
18490803
18490810
18500103
18500117
18500124
18500124
18500308
18500328
18500712
18330111
18330517
18330517
18330521
18330524
18330524
18330621
18330621
18330628
18330628
18330712
18330712
18330719
18330726
18330802
18330802
18330806
18330806
18330806
18330816
18330816
18330823
18330823
18330906
18330906
18330927
18390326
18390326
18411008
18411008
18420713
18420720
18420720
18420722
18451121
18460130
18470305
18470430
18480101
18481110
18481110
18481110
18481129
18481129
18490803
18490810
18500103
18500117
18500124
18500124
18500308
18500328
18500712
18330518
18330518
18331019
18331019
18331019
18380405
18380412
18380412
18380419
18380426
18380426
18380503
18380503
18380524
18380524
18380607
18380614
18380621
18380621
18380628
18380726
18380802
18380809
18380809
18380816
18380823
18380823
18380830
18380830
18380906
18380913
18380913
18380920
18380920
18380927
18380927
18381004
18381011
18381011
18381011
18381018
18381018
18381025
18381025
18381101
18381101
18381101
18381108
18381115
18381115
18381122
18381122
18381122
18381129
18381129
18381206
18381206
18381213
18381213
18381220
18381220
18381220
18381220
18381227
18381227
18390103
18390103
18390110
18390117
18390124
18390124
18390131
18390131
18390207
18390207
18390214
18390221
18390228
18390228
18390307
18390314
18390314
18390321
18390321
18390328
18390404
18390404
18390404
18390411
18390411
18390418
18390418
18390425
18390425
18390425
18390502
18390502
18390502
18390509
18390509
18390523
18390606
18390620
18390620
18390627
18390627
18390704
18390711
18390711
18390718
18390801
18390808
18390808
18390815
18390829
18390919
18391003
18391003
18390822
18391010
18391114
18391121
18391226
18391226
18400130
18400206
18400312
18400326
18400409
18400423
18400430
18400430
18400604
18400611
18400618
18400702
18400709
18400723
18400813
18400820
18400827
18400827
18400924
18401001
18401105
18401112
18401112
18401119
18401119
18401217
18401224
18410211
18410218
18410225
18410304
18410311
18410311
18410318
18410318
18410325
18410325
18410401
18410415
18410422
18410513
18410520
18410527
18410617
18410617
18410701
18410708
18410715
18410715
18410722
18410729
18410805
18410805
18410812
18410812
18410819
18410902
18410916
18410916
18410916
18410923
18410930
18410930
18411007
18411014
18411014
18411028
18411028
18411104
18411111
18411118
18411125
18411216
18411216
18411230
18420127
18420210
18420217
18420224
18420224
18420317
18420324
18471116
18471108
18471117
18471112
18471123
18471117
18471124
18471129
18471125
18471203
18471207
18471206
18471209
18471217
18471224
18480114
18480121
18480120
18471222
18480129
18480211
18480128
18480225
18480217
18480226
18480307
18480209
18480322
18480301
18480301
18480406
18480404
18480417
18480424
18480422
18480511
18480513
18480307
18480420
18500212
18500212
18500212
18500219
18500226
18500312
18500314
18500319
18500321
18500328
18500328
18500402
18500404
18500409
18500409
18500411
18500411
18500416
18500418
18500423
18500425
18500502
18500502
18500502
18500509
18500516
18500516
18500523
18500606
18500606
18500611
18500613
18500613
18500618
18500620
18500625
18500627
18500627
18500702
18500703
18500703
18500711
18500711
18500711
18500716
18500718
18500718
18500723
18500725
18500730
18500801
18500808
18500829
18500905
18500924
18500926
18501003
18501008
18501017
18501024
18501107
18501107
18501121
18501205
18501212
18501219
18501227
18370429
18370520
18370513
18370527
18370701
18370603
18370708
18370812
18370708
18370812
18370819
18370722
18370819
18370923
18370909
18371014
18370617
18370902
18371118
18371104
18380106
18380113
18380113
18380120
18380217
18371014
18380120
18380331
18380421
18380428
18380303
18380526
18380609
18380602
18380609
18380721
18380630
18380721
18380825
18380519
18380929
18380922
18381020
18380908
18381013
18330103
18330103
18330103
18330110
18330117
18330117
18330117
18330124
18330124
18330131
18330131
18330131
18330207
18330207
18330214
18330221
18330221
18330221
18330221
18330228
18330228
18330228
18330228
18330307
18330314
18330328
18330328
18330328
18330404
18330404
18330411
18330411
18330418
18330425
18330425
18330502
18330502
18330502
18330509
18330509
18330509
18330523
18330523
18330523
18330530
18330530
18330530
18330606
18330606
18330606
18330613
18330620
18330620
18330620
18330620
18330627
18330627
18330627
18330627
18330704
18330704
18330704
18330711
18330711
18330711
18330711
18330711
18330725
18330725
18330801
18330801
18330801
18330808
18330815
18330815
18330815
18330822
18330905
18330905
18330905
18330905
18330912
18330912
18330919
18330919
18330926
18330926
18331003
18331010
18331017
18331024
18331024
18331024
18331031
18331107
18331114
18331121
18331128
18331205
18331205
18331205
18331212
18331219
18331219
18331226
18340109
18340116
18340123
18340130
18340206
18340206
18340213
18340213
18340220
18340306
18340306
18340306
18340313
18340320
18340320
18340327
18340403
18340410
18340410
18340417
18340424
18340424
18340508
18340508
18340515
18340605
18340605
18340626
18340626
18340626
18340703
18340710
18340710
18340717
18340731
18340731
18340807
18340807
18340807
18340814
18340814
18340821
18340821
18340821
18340828
18340828
18340828
18340904
18340904
18340904
18340911
18340911
18340918
18340925
18341002
18341002
18341009
18341009
18341009
18341016
18341016
18341016
18341016
18341023
18341030
18341106
18341106
18341113
18341113
18341127
18341204
18341204
18341204
18341211
18341218
18341218
18341218
18341218
18341225
18341225
18350101
18350115
18350115
18350205
18350219
18350219
18350305
18350312
18350312
18350326
18350409
18350423
18350430
18350430
18350507
18350507
18350514
18350514
18350604
18350611
18350618
18350618
18350702
18350702
18350702
18350709
18350709
18350716
18350716
18350716
18350723
18350730
18350730
18350730
18350730
18350806
18350813
18350813
18350813
18350813
18350820
18350820
18350820
18350820
18350827
18350903
18350903
18350903
18350903
18350910
18350917
18351001
18351008
18351008
18351015
18351015
18351015
18351022
18351022
18351029
18351029
18351105
18351112
18351119
18351126
18351203
18351203
18351210
18351210
18351210
18351210
18351217
18351231
18360107
18360107
18360114
18360121
18360128
18360204
18360204
18360225
18360225
18360310
18360310
18360310
18360317
18360317
18360324
18360331
18360407
18360414
18360414
18360421
18360428
18360505
18360505
18360505
18360512
18360512
18360519
18360519
18360519
18360526
18360526
18360602
18360609
18360623
18360623
18360623
18360630
18360630
18360630
18360707
18360707
18360714
18360721
18360721
18360728
18360804
18360811
18360811
18360811
18360818
18360825
18360901
18360901
18360908
18360915
18360915
18360929
18361006
18361006
18361006
18361013
18361020
18361020
18361020
18361027
18361027
18361103
18361110
18361117
18361117
18361124
18361124
18361124
18361124
18361124
18361201
18361201
18361201
18361207
18361207
18361214
18361221
18361228
18370104
18370105
18370112
18370118
18370125
18370202
18370208
18370209
18370215
18370216
18370216
18370223
18370309
18370315
18370316
18370322
18370323
18370323
18370329
18370329
18370405
18370405
18370406
18370412
18370412
18370412
18370419
18370427
18370427
18370427
18370503
18370503
18370510
18370510
18370511
18370517
18370517
18370524
18370525
18370607
18370614
18370614
18370615
18370622
18370628
18370629
18370701
18370701
18370705
18370705
18370706
18370712
18370712
18370712
18370713
18370715
18370715
18370719
18370719
18370722
18370726
18370726
18370727
18370802
18370802
18370803
18370803
18370809
18370809
18370810
18370812
18370816
18370817
18370819
18370823
18370823
18370824
18370826
18370830
18370831
18370831
18370906
18370907
18370909
18370913
18370920
18370928
18371004
18371004
18371007
18371011
18371011
18371012
18371018
18371019
18371021
18371025
18371028
18371104
18371108
18371108
18371108
18371109
18371111
18371115
18371116
18371116
18371118
18371130
18371130
18371206
18371206
18371209
18371216
18371220
18371221
18371223
18380111
18380111
18380111
18380125
18380201
18380210
18380210
18380215
18380224
18380228
18380228
18380301
18380307
18380308
18380310
18380314
18380314
18380315
18380317
18380317
18380321
18380321
18380322
18380324
18380328
18380328
18380331
18380331
18380404
18380404
18380404
18380405
18380407
18380411
18380418
18380418
18380421
18380425
18380426
18380428
18380428
18380502
